<?xml version="1.0" encoding="UTF-8"?>

<!DOCTYPE hibernate-mapping
  PUBLIC "-//Hibernate?Hibernate Mapping DTD//EN"
  "http://www.hibernate.org/dtd/hibernate-mapping-3.0.dtd">
<hibernate-mapping>
  <class name="bean.CuisineBean" table="cuisine">
   <id name="id" column="id">
    <generator class="identity"></generator>
   </id>
    <property name="cuisineName" column="cuisine_name"></property>
    <property name="imgUrl" column="img_url"></property>
    <property name="abs" column="abs"></property>
    
  
    
  </class>

</hibernate-mapping>