<?xml version="1.0" encoding="UTF-8"?>

<!DOCTYPE hibernate-mapping
  PUBLIC "-//Hibernate?Hibernate Mapping DTD//EN"
  "http://www.hibernate.org/dtd/hibernate-mapping-3.0.dtd">
<hibernate-mapping>
  <class name="bean.FoodBean" table="food">
   <id name="id" column="id">
    <generator class="identity"></generator>
   </id>
    <property name="hotSale" column="hot_sale"></property>
    <property name="foodName" column="food_name"></property>
    <property name="abs" column="abs"></property>
    <property name="price" column="price"></property>
     <property name="imgUrl" column="img_url"></property>
    <property name="sale" column="sale"></property>
    <property name="isPublished" column="is_published"></property>
    <property name="cuisineId" column="cuisine_id"></property>
 
    
  </class>

</hibernate-mapping>