<?xml version="1.0" encoding="UTF-8"?>

<!DOCTYPE hibernate-mapping
  PUBLIC "-//Hibernate?Hibernate Mapping DTD//EN"
  "http://www.hibernate.org/dtd/hibernate-mapping-3.0.dtd">
<hibernate-mapping>
  <class name="bean.OrderRecordBean" table="order_record">
   <id name="id" column="id">
    <generator class="identity"></generator>
   </id>
    <property name="userId" column="user_id"></property>
    <property name="foodId" column="food_id"></property>
    <property name="createTime" column="create_time"></property>
    <property name="number" column="number"></property>
    <property name="addr" column="addr"></property>
    <property name="abs" column="abs"></property>
    <property name="status" column="status"></property>
    <property name="countPrice" column="count_price"></property>
    <property name="count" column="count"></property>
  </class>

</hibernate-mapping>