<!--
  ~ Hibernate, Relational Persistence for Idiomatic Java
  ~
  ~ License: GNU Lesser General Public License (LGPL), version 2.1 or later.
  ~ See the lgpl.txt file in the root directory or <http://www.gnu.org/licenses/lgpl-2.1.html>.
  -->
<!--   ## MySQL
#hibernate.dialect org.hibernate.dialect.MySQLDialect
#hibernate.dialect org.hibernate.dialect.MySQLInnoDBDialect
#hibernate.dialect org.hibernate.dialect.MySQLMyISAMDialect
#hibernate.connection.driver_class com.mysql.jdbc.Driver
#hibernate.connection.url jdbc:mysql:///test
#hibernate.connection.username gavin
jdbc:mysql://localhost:3306/jsp_app
#hibernate.connection.password -->
<!DOCTYPE hibernate-configuration PUBLIC
	"-//Hibernate/Hibernate Configuration DTD 3.0//EN"
	"http://www.hibernate.org/dtd/hibernate-configuration-3.0.dtd">

<hibernate-configuration>
	<session-factory>
	 
	   <property name="hibernate.dialect">org.hibernate.dialect.MySQLDialect</property>
	   <property name="hibernate.connection.driver_class">com.mysql.cj.jdbc.Driver  </property>
	   <property name="hibernate.connection.url"><![CDATA[jdbc:mysql://localhost:3306/book_dinner?useUnicode=true&characterEncoding=utf8&serverTimezone=UTC]]></property>
	   <property name="hibernate.connection.username">root</property>
	   <property name="hibernate.connection.password">18247352203</property>
	   <property name="connection.useSSL">false</property>
	   <property name="hibernate.connection.release_mode">after_statement</property>
	   <property name="hibernate.transaction.auto_close_session">true</property>

        <!-- Enable Hibernate's automatic	 session context management -->
        <property name="hibernate.connection.provider_class">org.hibernate.connection.C3P0ConnectionProvider</property>
        <property name="hibernate.c3p0.max_size">30</property>
        <property name="hibernate.c3p0.min_size">10</property>
        <property name="hibernate.c3p0.timeout">120</property>
        <property name="hibernate.c3p0.max_statements">100</property>
        <property name="hibernate.c3p0.idle_test_period">120</property>
        <property name="hibernate.c3p0.acquire_increment">1</property>
        <property name="c3p0.testConnectionOnCheckout">true</property>
        <property name="c3p0.idleConnectionTestPeriod">18000</property>
        <property name="c3p0.maxIdleTime">25000</property>
        <property name="c3p0.idle_test_period">120</property>

        <!-- Echo all executed SQL to stdout-->
        <property name="show_sql">true</property>
       

        <!-- Drop and re-create the database schema on startup -->
        <property name="hbm2ddl.auto">update</property>
	   
	   
	   <mapping resource="bean/UserBean.hbm.xml"/>
	   	   <mapping resource="bean/FoodBean.hbm.xml"/>
	   	   	   <mapping resource="bean/CuisineBean.hbm.xml"/>
	   	   	   	   <mapping resource="bean/OrderRecordBean.hbm.xml"/>
	   
	   
	</session-factory>
</hibernate-configuration>