<?xml version="1.0" encoding="UTF-8" ?>
<!--
/*
 * $Id: struts-plugin.xml 722219 2008-12-01 20:41:26Z musachy $
 *
 * Licensed to the Apache Software Foundation (ASF) under one
 * or more contributor license agreements.  See the NOTICE file
 * distributed with this work for additional information
 * regarding copyright ownership.  The ASF licenses this file
 * to you under the Apache License, Version 2.0 (the
 * "License"); you may not use this file except in compliance
 * with the License.  You may obtain a copy of the License at
 *
 *  http://www.apache.org/licenses/LICENSE-2.0
 *
 * Unless required by applicable law or agreed to in writing,
 * software distributed under the License is distributed on an
 * "AS IS" BASIS, WITHOUT WARRANTIES OR CONDITIONS OF ANY
 * KIND, either express or implied.  See the License for the
 * specific language governing permissions and limitations
 * under the License.
 */
-->
<!DOCTYPE struts PUBLIC
        "-//Apache Software Foundation//DTD Struts Configuration 2.5//EN"
        "http://struts.apache.org/dtds/struts-2.5.dtd">


<struts>
	<include file="struts-default.xml"></include>
	<!-- 指定默认编码集 -->
	
	<constant name="struts.ui.theme" value="simple"></constant>
	<constant name="struts.ui.templateDir" value="template"></constant>
	<constant name="struts.ui.templateSuffix" value="ftl"></constant>
	<!-- 每次当HTTP请求到达时 都重新加载文件 开发时打开 部署时关闭 -->
	<constant name="struts.i18n.reload" value="true" />  
	<constant name="struts.i18n.encoding" value="UTF-8"></constant>
    <!-- 指定需要Struts2处理的请求后缀 -->
	<constant name="struts.action.extension" value="do,action"/>
	<!-- 设置浏览器是否缓存静态内容 开发阶段应关闭 生产阶段应打开 默认为打开 -->
	
	<constant name="struts.serve.static.browserCache" value="false"></constant>
	<!-- 当Struts配置文件修改后，系统是否自动重新加载该文件 默认为false 开发阶段应打开 -->
	<constant name="struts.configuration.xml.reload" value="true"></constant>
	<!-- 开发模式下使用。可以打印出更详细的错误信息-->
	<constant name="struts.devMode" value="true"></constant>
	<!-- 是否开启动态方法调用 -->
	<constant name="struts.enable.DynamicMethodInvocation" value="false"/>
	
	<!-- 添加包 -->

	
	<package name="user" namespace="/" extends="struts-default">
	  <global-allowed-methods>regex:.*</global-allowed-methods>  
 	  <action name="login" class="action.UserAction" method="logIn"></action>
	  <action name="register" class="action.UserAction" method="register"></action>
	   <action name="logout" class="action.UserAction" method="logOut"></action>
	   <action name="checkStatus" class="action.UserAction" method="checkStatus"></action>
	   <action name="adminLogin" class="action.UserAction" method="adminLogin"></action>
	</package>

<package name="sale" namespace="/sale" extends="struts-default">
	  <global-allowed-methods>regex:.*</global-allowed-methods>  
 	  <action name="getFoodList" class="action.SaleAction" method="getFoodList"></action>
	  <action name="getCuisineList" class="action.SaleAction" method="getCuisineList"></action>
	  <action name="getOrderRecord" class="action.SaleAction" method="getOrderRecord"></action>
	  <action name="getHotSale" class="action.SaleAction" method="getHotSale"></action>
	  <action name="saveOrderRecord" class="action.SaleAction" method="saveOrderRecord"></action>
	  <action name="getOrderFood" class="action.SaleAction" method="getOrderFood"></action>
	  <action name="addCuisine" class="action.SaleAction" method="addCuisine"></action>
	   <action name="renameCuisine" class="action.SaleAction" method="renameCuisine"></action>
	   <action name="removeCuisine" class="action.SaleAction" method="removeCuisine"></action>
	    <action name="updateFood" class="action.SaleAction" method="updateFood"></action>
	     <action name="delFood" class="action.SaleAction" method="delFood"></action>
	     <action name="addFood" class="action.SaleAction" method="addFood"></action>
	      <action name="getAllOrderRecord" class="action.SaleAction" method="getAllOrderRecord"></action>
	      <action name="delOrder" class="action.SaleAction" method="delOrder"></action>
	</package>
   

	<!--  <package name="user" namespace="/" extends="struts-default">
	 	
    
 	 <global-allowed-methods>regex:.*</global-allowed-methods>  
 	 
		<action name="login_*" class="login.loginAction" method="{1}">
	       
		</action>
		
		<action name="register_*" class="register.registerAction" method="{1}">
		</action>
	</package> 

	
	<package name="articleTake" namespace="/article" extends="struts-default">
	
	
	 <global-allowed-methods>regex:.*</global-allowed-methods>

	  <action name="article_*" class="Load.loadAction" method="{1}"></action>
	  <action name="getArticle" class="Load.loadAction" method="getArticle"></action>
	  <action name="getArticleCommentSetForOneLevel" class="Load.loadAction" method="getArticleCommentSetForOneLevel"></action>
	  <action  name="*" class="Load.loadAction" method="Page">
	  <result name="success">/article/article.html</result>
	  </action> 
	</package>
	
	
	<package name="articleSave" namespace="/saveArticle" extends="struts-default">
	     <global-allowed-methods>regex:.*</global-allowed-methods>
	     <action name="saveArticle" class="save.saveAction" method="saveArticle"></action>
	     <action name="getcollactionTag" class="save.saveAction" method="getcollactionTag"></action>
	     <action name="pushComment" class="save.saveAction" method="pushComment"></action>
	</package>
	



    <package name="appFrontLoad" namespace="/appFront" extends="struts-default">
          <global-allowed-methods>regex:.*</global-allowed-methods>
          <action name="getTripList" class="tripLoad.loadAction" method="getTripList"></action>
          <action name="getCustomResultTripList" class="tripLoad.loadAction" method="getCustomResultTripList"></action>
          <action name="getImgList" class="tripLoad.loadAction" method="getImgList"></action>
          <action name="getStrategy" class="tripLoad.loadAction" method="getStrategy"></action>
        
    </package>
    
    <package name="healthy" namespace="/healthy" extends="struts-default">
          <global-allowed-methods>regex:.*</global-allowed-methods>
          <action name="getSportList" class="healthyLoad.sportAction" method="getSportList"></action>
          <action name="getFoodList" class="healthyLoad.sportAction" method="getFoodList"></action>
    </package>
	
	
	
 -->
		
</struts>