<?xml version="1.0" encoding="UTF-8"?>

<!DOCTYPE hibernate-mapping
  PUBLIC "-//Hibernate?Hibernate Mapping DTD//EN"
  "http://www.hibernate.org/dtd/hibernate-mapping-3.0.dtd">
<hibernate-mapping>
  <class name="bean.UserBean" table="user">
   <id name="id" column="id">
    <generator class="identity"></generator>
   </id>
    <property name="username" column="username"></property>
    <property name="password" column="password"></property>
    <property name="age" column="age"></property>
    <property name="type" column="type"></property>
    <property name="addr" column="addr"></property>
    <property name="phone" column="phone"></property>
  
    
  </class>

</hibernate-mapping>